"run_year","brood_year","InRiver3","InRiver4"
2009,2006,6.43435263360246,0
2010,2007,10.8672944436747,0
2014,2011,2.71561422102322,0
2019,2015,0,0
