"run_year","brood_year","InRiver3","InRiver4"
2009,2006,8.69507112648981,0
2010,2007,15.7497020922821,0
2014,2011,3.5731766066095,0
2019,2015,0,8.66911268541987
