"run_year","brood_year","InRiver3","InRiver4"
2009,2006,2.26071849288735,0
2010,2007,4.88240764860745,0
2014,2011,0.85756238558628,0
2019,2015,0,8.66911268541987
